{
  "España": [
    "Madrid",
    "Barcelona",
    "Valencia",
    "Sevilla",
    "Zaragoza",
    "Málaga",
    "Murcia",
    "Palma",
    "Las Palmas",
    "Bilbao",
    "Alicante",
    "Córdoba",
    "Valladolid",
    "Vigo",
    "Gijón",
    "Hospitalet de Llobregat",
    "A Coruña",
    "Vitoria",
    "Granada",
    "Elche",
    "Oviedo",
    "Badalona",
    "Cartagena",
    "Terrassa"
  ],
  "Francia": [
    "París",
    "Marsella",
    "Lyon",
    "Toulouse",
    "Niza",
    "Nantes",
    "Estrasburgo",
    "Montpellier",
    "Burdeos",
    "Lille",
    "Rennes",
    "Reims",
    "Le Havre",
    "Saint-Étienne",
    "Toulon",
    "Grenoble"
  ],
  "Italia": [
    "Roma",
    "Milán",
    "Nápoles",
    "Turín",
    "Palermo",
    "Génova",
    "Bolonia",
    "Florencia",
    "Bari",
    "Catania",
    "Venecia",
    "Verona",
    "Messina",
    "Padua",
    "Trieste",
    "Brescia"
  ],
  "Portugal": [
    "Lisboa",
    "Oporto",
    "Amadora",
    "Braga",
    "Coímbra",
    "Setúbal",
    "Funchal",
    "Queluz",
    "Cacém",
    "Vila Nova de Gaia",
    "Almada",
    "Areeiro",
    "Aveiro",
    "Guimarães",
    "Barreiro",
    "Leiria"
  ],
  "Inglaterra": [
    "Londres",
    "Birmingham",
    "Mánchester",
    "Liverpool",
    "Leeds",
    "Sheffield",
    "Bristol",
    "Newcastle",
    "Nottingham",
    "Leicester",
    "Coventry",
    "Kingston upon Hull",
    "Bradford",
    "Stoke-on-Trent"
  ]
}