{
  "España": [
    "Albacete", "Alicante", "Almería", "Ávila", "Badajoz", "Barcelona", "Bilbao",
    "Burgos", "Cáceres", "Cádiz", "Castellón de la Plana", "Ceuta", "Ciudad Real",
    "Córdoba", "A Coruña", "Cuenca", "Girona", "Granada", "Guadalajara", "Huelva",
    "Huesca", "Jaén", "León", "Lleida", "Logroño", "Lugo", "Madrid", "Málaga",
    "Melilla", "Murcia", "Ourense", "Oviedo", "Palencia", "Palma", "Las Palmas",
    "Pontevedra", "Salamanca", "San Sebastián", "Santa Cruz de Tenerife", "Santander",
    "Segovia", "Sevilla", "Soria", "Tarragona", "Teruel", "Toledo", "Valencia",
    "Valladolid", "Vitoria", "Zamora", "Zaragoza", "Gijón", "Elche", "Cartagena",
    "Badalona", "Hospitalet de Llobregat", "Terrassa", "Alcorcón", "Getafe", "Torrejón de Ardoz",
    "Móstoles", "Fuenlabrada", "Sabadell", "Jerez de la Frontera", "Algeciras"
  ],
  "Francia": [
    "París", "Marsella", "Lyon", "Toulouse", "Niza", "Nantes", "Estrasburgo",
    "Montpellier", "Burdeos", "Lille", "Rennes", "Reims", "Le Havre", "Saint-Étienne",
    "Toulon", "Grenoble", "Dijon", "Angers", "Nîmes", "Villeurbanne"
  ],
  "Italia": [
    "Roma", "Milán", "Nápoles", "Turín", "Palermo", "Génova", "Bolonia", "Florencia",
    "Bari", "Catania", "Venecia", "Verona", "Messina", "Padua", "Trieste", "Brescia",
    "Tarento", "Prato", "Parma", "Modena"
  ],
  "Portugal": [
    "Lisboa", "Oporto", "Amadora", "Braga", "Coímbra", "Setúbal", "Funchal", "Queluz",
    "Cacém", "Vila Nova de Gaia", "Almada", "Areeiro", "Aveiro", "Guimarães",
    "Barreiro", "Leiria", "Viseu", "Évora", "Portimão", "Faro"
  ],
  "Inglaterra": [
    "Londres", "Birmingham", "Mánchester", "Liverpool", "Leeds", "Sheffield", "Bristol",
    "Newcastle", "Nottingham", "Leicester", "Coventry", "Kingston upon Hull", "Bradford",
    "Stoke-on-Trent", "Wolverhampton", "Plymouth", "Derby", "Southampton", "Reading", "Luton"
  ]
}